{"startTime":1667964347.6965544,"endTime":1667964357.6965544,"timing":[[1667964347.6965544,1667964347.6965544,0,"2-frame"],[1667964347.8965545,1667964347.8965545,1,"3-frame"],[1667964348.0965545,1667964348.0965545,2,"4-frame"],[1667964348.2965543,1667964348.2965543,3,"5-frame"],[1667964348.4965544,1667964348.4965544,4,"6-frame"],[1667964348.6965544,1667964348.6965544,5,"7-frame"],[1667964348.8965545,1667964348.8965545,6,"8-frame"],[1667964349.0965545,1667964349.0965545,7,"9-frame"],[1667964349.2965543,1667964349.2965543,8,"10-frame"],[1667964349.4965544,1667964349.4965544,9,"11-frame"],[1667964349.6965544,1667964349.6965544,10,"12-frame"],[1667964349.8965545,1667964349.8965545,11,"13-frame"],[1667964350.0965545,1667964350.0965545,12,"14-frame"],[1667964350.2965543,1667964350.2965543,13,"15-frame"],[1667964350.4965544,1667964350.4965544,14,"16-frame"],[1667964350.6965544,1667964350.6965544,15,"17-frame"],[1667964350.8965545,1667964350.8965545,16,"18-frame"],[1667964351.0965545,1667964351.0965545,17,"19-frame"],[1667964351.2965543,1667964351.2965543,18,"20-frame"],[1667964351.4965544,1667964351.4965544,19,"21-frame"],[1667964351.6965544,1667964351.6965544,20,"22-frame"],[1667964351.8965545,1667964351.8965545,21,"23-frame"],[1667964352.0965545,1667964352.0965545,22,"24-frame"],[1667964352.2965543,1667964352.2965543,23,"25-frame"],[1667964352.4965544,1667964352.4965544,24,"26-frame"],[1667964352.6965544,1667964352.6965544,25,"27-frame"],[1667964352.8965545,1667964352.8965545,26,"28-frame"],[1667964353.0965545,1667964353.0965545,27,"29-frame"],[1667964353.2965543,1667964353.2965543,28,"30-frame"],[1667964353.4965544,1667964353.4965544,29,"31-frame"],[1667964353.6965544,1667964353.6965544,30,"32-frame"],[1667964353.8965545,1667964353.8965545,31,"33-frame"],[1667964354.0965545,1667964354.0965545,32,"34-frame"],[1667964354.2965543,1667964354.2965543,33,"35-frame"],[1667964354.4965544,1667964354.4965544,34,"36-frame"],[1667964354.6965544,1667964354.6965544,35,"37-frame"],[1667964354.8965545,1667964354.8965545,36,"38-frame"],[1667964355.0965545,1667964355.0965545,37,"39-frame"],[1667964355.2965543,1667964355.2965543,38,"40-frame"],[1667964355.4965544,1667964355.4965544,39,"41-frame"],[1667964355.6965544,1667964355.6965544,40,"42-frame"],[1667964355.8965545,1667964355.8965545,41,"43-frame"],[1667964356.0965545,1667964356.0965545,42,"44-frame"],[1667964356.2965543,1667964356.2965543,43,"45-frame"],[1667964356.4965544,1667964356.4965544,44,"46-frame"],[1667964356.6965544,1667964356.6965544,45,"47-frame"],[1667964356.8965545,1667964356.8965545,46,"48-frame"],[1667964357.0965545,1667964357.0965545,47,"49-frame"],[1667964357.2965543,1667964357.2965543,48,"50-frame"],[1667964357.4965544,1667964357.4965544,49,"51-frame"],[1667964357.6965544,1667964357.6965544,50,"52-frame"]]}